Metric,Stats,P_value
Sales,-5.435963006203049,5.636564142055927e-08
Quantity,-10.494108055586622,1.4310516283124308e-25
Profit,-29.968519209762395,1.2905070654266475e-185
